data_busca,data_publicacao,titulo,resumo,fonte,url,imagem_url
2026-08-01T00:02:06.975Z,2026-07-31T23:03:06.000Z,"Sport anuncia a contratação de Willian Oliveira, ex-Coritiba","O Sport anunciou mais um reforço para a sequência da temporada. Nesta sexta-feira, o clube confirmou a contratação do volante Willian Oliveira, que vinha atuando pelo Coritiba em 2...",Gazeta Esportiva,https://www.gazetaesportiva.com/times/sport/sport-anuncia-a-contratacao-de-willian-oliveira-ex-coritiba/,https://static.gazetaesportiva.com/uploads/2026/07/WhatsApp-Image-2026-07-31-at-20.02.07.webp
2026-08-01T00:02:06.975Z,2026-07-31T22:40:52.000Z,Gabriel e Martinelli se reapresentam ao elenco do Arsenal,"Gabriel e Martinelli se reapresentam ao elenco do Arsenal
O post Gabriel e Martinelli se reapresentam ao elenco do Arsenal apareceu primeiro em Gazeta Esportiva.",Gazeta Esportiva,https://www.gazetaesportiva.com/times/arsenal/gabriel-e-martinelli-se-reapresentam-ao-elenco-do-arsenal/,https://static.gazetaesportiva.com/uploads/2026/07/Gabri.webp
2026-08-01T00:02:06.975Z,2026-07-31T19:18:25.000Z,Corinthians confirma lesões de Labyad e Yuri Alberto; Garro tem trauma no pé,"O Corinthians confirmou lesões de Zakaria Labyad e Yuri Alberto após a vitória sobre o Athletico-PR. O meia marroquino rompeu o ligamento cruzado anterior do joelho esquerdo, també...",Gazeta Esportiva,https://www.gazetaesportiva.com/times/corinthians/corinthians-confirma-lesoes-de-labyad-e-yuri-alberto-garro-tem-trauma-no-pe/,https://static.gazetaesportiva.com/uploads/2026/07/246991.webp
2026-08-01T00:02:06.975Z,2026-07-31T17:59:12.000Z,Kaio César é absolvido pelo STJD e escapa de gancho no Corinthians,"O atacante Kaio César foi absolvido pelo STJD da denúncia relacionada à confusão ocorrida no empate entre Bahia e Corinthians, pelo Brasileirão. A própria Procuradoria de Justiça D...",Gazeta Esportiva,https://www.gazetaesportiva.com/times/corinthians/kaio-cesar-e-absolvido-pelo-stjd-e-escapa-de-gancho-no-corinthians/,https://static.gazetaesportiva.com/uploads/2026/07/246999.webp
2026-08-01T00:02:06.975Z,2026-07-31T17:42:25.000Z,Arteta comenta reforços do Arsenal e agradece a Trossard,"Arteta comenta reforços e agradece a Trossard
O post Arteta comenta reforços do Arsenal e agradece a Trossard apareceu primeiro em Gazeta Esportiva.",Gazeta Esportiva,https://www.gazetaesportiva.com/times/arsenal/arteta-comenta-reforcos-do-arsenal-e-agradece-a-trossard/,https://static.gazetaesportiva.com/uploads/2026/05/Arteta-se-orgulha.webp
2026-08-01T03:59:20.042Z,2026-08-01T00:15:26.000Z,Reforços e novidades! Como fica o Chelsea em 2026/27?,"Reforços e novidades! Como fica o Chelsea em 2026/27?
O post Reforços e novidades! Como fica o Chelsea em 2026/27? apareceu primeiro em Gazeta Esportiva.",Gazeta Esportiva,https://www.gazetaesportiva.com/times/chelsea/reforcos-e-novidades-como-fica-o-chelsea-em-2026-27/,https://static.gazetaesportiva.com/uploads/2026/07/Refo.webp
2026-08-01T03:59:20.042Z,2026-07-31T23:03:06.000Z,"Sport anuncia a contratação de Willian Oliveira, ex-Coritiba","O Sport anunciou mais um reforço para a sequência da temporada. Nesta sexta-feira, o clube confirmou a contratação do volante Willian Oliveira, que vinha atuando pelo Coritiba em 2...",Gazeta Esportiva,https://www.gazetaesportiva.com/times/sport/sport-anuncia-a-contratacao-de-willian-oliveira-ex-coritiba/,https://static.gazetaesportiva.com/uploads/2026/07/WhatsApp-Image-2026-07-31-at-20.02.07.webp
2026-08-01T03:59:20.042Z,2026-07-31T22:40:52.000Z,Gabriel e Martinelli se reapresentam ao elenco do Arsenal,"Gabriel e Martinelli se reapresentam ao elenco do Arsenal
O post Gabriel e Martinelli se reapresentam ao elenco do Arsenal apareceu primeiro em Gazeta Esportiva.",Gazeta Esportiva,https://www.gazetaesportiva.com/times/arsenal/gabriel-e-martinelli-se-reapresentam-ao-elenco-do-arsenal/,https://static.gazetaesportiva.com/uploads/2026/07/Gabri.webp
2026-08-01T03:59:20.042Z,2026-07-31T19:18:25.000Z,Corinthians confirma lesões de Labyad e Yuri Alberto; Garro tem trauma no pé,"O Corinthians confirmou lesões de Zakaria Labyad e Yuri Alberto após a vitória sobre o Athletico-PR. O meia marroquino rompeu o ligamento cruzado anterior do joelho esquerdo, també...",Gazeta Esportiva,https://www.gazetaesportiva.com/times/corinthians/corinthians-confirma-lesoes-de-labyad-e-yuri-alberto-garro-tem-trauma-no-pe/,https://static.gazetaesportiva.com/uploads/2026/07/246991.webp
2026-08-01T06:36:36.535Z,2026-08-01T00:15:26.000Z,Reforços e novidades! Como fica o Chelsea em 2026/27?,"Reforços e novidades! Como fica o Chelsea em 2026/27?
O post Reforços e novidades! Como fica o Chelsea em 2026/27? apareceu primeiro em Gazeta Esportiva.",Gazeta Esportiva,https://www.gazetaesportiva.com/times/chelsea/reforcos-e-novidades-como-fica-o-chelsea-em-2026-27/,https://static.gazetaesportiva.com/uploads/2026/07/Refo.webp
2026-08-01T06:36:36.535Z,2026-07-31T23:03:06.000Z,"Sport anuncia a contratação de Willian Oliveira, ex-Coritiba","O Sport anunciou mais um reforço para a sequência da temporada. Nesta sexta-feira, o clube confirmou a contratação do volante Willian Oliveira, que vinha atuando pelo Coritiba em 2...",Gazeta Esportiva,https://www.gazetaesportiva.com/times/sport/sport-anuncia-a-contratacao-de-willian-oliveira-ex-coritiba/,https://static.gazetaesportiva.com/uploads/2026/07/WhatsApp-Image-2026-07-31-at-20.02.07.webp
2026-08-01T06:36:36.535Z,2026-07-31T22:40:52.000Z,Gabriel e Martinelli se reapresentam ao elenco do Arsenal,"Gabriel e Martinelli se reapresentam ao elenco do Arsenal
O post Gabriel e Martinelli se reapresentam ao elenco do Arsenal apareceu primeiro em Gazeta Esportiva.",Gazeta Esportiva,https://www.gazetaesportiva.com/times/arsenal/gabriel-e-martinelli-se-reapresentam-ao-elenco-do-arsenal/,https://static.gazetaesportiva.com/uploads/2026/07/Gabri.webp
2026-08-01T06:36:36.535Z,2026-07-31T19:18:25.000Z,Corinthians confirma lesões de Labyad e Yuri Alberto; Garro tem trauma no pé,"O Corinthians confirmou lesões de Zakaria Labyad e Yuri Alberto após a vitória sobre o Athletico-PR. O meia marroquino rompeu o ligamento cruzado anterior do joelho esquerdo, també...",Gazeta Esportiva,https://www.gazetaesportiva.com/times/corinthians/corinthians-confirma-lesoes-de-labyad-e-yuri-alberto-garro-tem-trauma-no-pe/,https://static.gazetaesportiva.com/uploads/2026/07/246991.webp
2026-08-01T09:03:15.060Z,2026-08-01T09:03:15.057Z,Everton Ribeiro completa 120 jogos pelo Bahia com golaço na Fonte Nova,"O veterano meia do Bahia comandou a vitória tricolor com passes decisivos e um belíssimo gol de fora da área, aplaudido de pé.",Bahia Esportes,https://www.gazetaesportiva.com?id=curado-jogadores-0-2026-08-01,https://images.unsplash.com/photo-1543351611-58f69d7c1781?q=80&w=600&auto=format&fit=crop
2026-08-01T09:03:15.060Z,2026-08-01T00:15:26.000Z,Reforços e novidades! Como fica o Chelsea em 2026/27?,"Reforços e novidades! Como fica o Chelsea em 2026/27?
O post Reforços e novidades! Como fica o Chelsea em 2026/27? apareceu primeiro em Gazeta Esportiva.",Gazeta Esportiva,https://www.gazetaesportiva.com/times/chelsea/reforcos-e-novidades-como-fica-o-chelsea-em-2026-27/,https://static.gazetaesportiva.com/uploads/2026/07/Refo.webp
2026-08-01T09:03:15.060Z,2026-07-31T23:03:06.000Z,"Sport anuncia a contratação de Willian Oliveira, ex-Coritiba","O Sport anunciou mais um reforço para a sequência da temporada. Nesta sexta-feira, o clube confirmou a contratação do volante Willian Oliveira, que vinha atuando pelo Coritiba em 2...",Gazeta Esportiva,https://www.gazetaesportiva.com/times/sport/sport-anuncia-a-contratacao-de-willian-oliveira-ex-coritiba/,https://static.gazetaesportiva.com/uploads/2026/07/WhatsApp-Image-2026-07-31-at-20.02.07.webp
2026-08-01T09:03:15.060Z,2026-07-31T22:40:52.000Z,Gabriel e Martinelli se reapresentam ao elenco do Arsenal,"Gabriel e Martinelli se reapresentam ao elenco do Arsenal
O post Gabriel e Martinelli se reapresentam ao elenco do Arsenal apareceu primeiro em Gazeta Esportiva.",Gazeta Esportiva,https://www.gazetaesportiva.com/times/arsenal/gabriel-e-martinelli-se-reapresentam-ao-elenco-do-arsenal/,https://static.gazetaesportiva.com/uploads/2026/07/Gabri.webp
2026-08-01T10:56:36.136Z,2026-08-01T10:56:36.134Z,Everton Ribeiro completa 120 jogos pelo Bahia com golaço na Fonte Nova,"O veterano meia do Bahia comandou a vitória tricolor com passes decisivos e um belíssimo gol de fora da área, aplaudido de pé.",Bahia Esportes,https://www.gazetaesportiva.com?id=curado-jogadores-0-2026-08-01,https://images.unsplash.com/photo-1543351611-58f69d7c1781?q=80&w=600&auto=format&fit=crop
2026-08-01T10:56:36.136Z,2026-08-01T00:15:26.000Z,Reforços e novidades! Como fica o Chelsea em 2026/27?,"Reforços e novidades! Como fica o Chelsea em 2026/27?
O post Reforços e novidades! Como fica o Chelsea em 2026/27? apareceu primeiro em Gazeta Esportiva.",Gazeta Esportiva,https://www.gazetaesportiva.com/times/chelsea/reforcos-e-novidades-como-fica-o-chelsea-em-2026-27/,https://static.gazetaesportiva.com/uploads/2026/07/Refo.webp
2026-08-01T10:56:36.136Z,2026-07-31T23:03:06.000Z,"Sport anuncia a contratação de Willian Oliveira, ex-Coritiba","O Sport anunciou mais um reforço para a sequência da temporada. Nesta sexta-feira, o clube confirmou a contratação do volante Willian Oliveira, que vinha atuando pelo Coritiba em 2...",Gazeta Esportiva,https://www.gazetaesportiva.com/times/sport/sport-anuncia-a-contratacao-de-willian-oliveira-ex-coritiba/,https://static.gazetaesportiva.com/uploads/2026/07/WhatsApp-Image-2026-07-31-at-20.02.07.webp
2026-08-01T10:56:36.136Z,2026-07-31T22:40:52.000Z,Gabriel e Martinelli se reapresentam ao elenco do Arsenal,"Gabriel e Martinelli se reapresentam ao elenco do Arsenal
O post Gabriel e Martinelli se reapresentam ao elenco do Arsenal apareceu primeiro em Gazeta Esportiva.",Gazeta Esportiva,https://www.gazetaesportiva.com/times/arsenal/gabriel-e-martinelli-se-reapresentam-ao-elenco-do-arsenal/,https://static.gazetaesportiva.com/uploads/2026/07/Gabri.webp
2026-08-01T12:01:44.206Z,2026-08-01T11:00:07.000Z,Promessa do Palmeiras celebra fase decisiva e mira título do Brasileiro sub-20: &#8220;Queremos muito&#8221;,"O meia-atacante Vinicius Lima voltou a ser decisivo pelo Palmeiras no Campeonato Brasileiro sub-20, na vitória por 2 a 0 sobre o Red Bull Bragantino, resultado que colocou as Crias...",Gazeta Esportiva,https://www.gazetaesportiva.com/times/palmeiras/promessa-do-palmeiras-celebra-fase-decisiva-e-mira-titulo-do-brasileiro-sub-20-queremos-muito/,https://static.gazetaesportiva.com/uploads/2026/07/FTM-8166.webp
2026-08-01T12:01:44.206Z,2026-08-01T00:15:26.000Z,Reforços e novidades! Como fica o Chelsea em 2026/27?,"Reforços e novidades! Como fica o Chelsea em 2026/27?
O post Reforços e novidades! Como fica o Chelsea em 2026/27? apareceu primeiro em Gazeta Esportiva.",Gazeta Esportiva,https://www.gazetaesportiva.com/times/chelsea/reforcos-e-novidades-como-fica-o-chelsea-em-2026-27/,https://static.gazetaesportiva.com/uploads/2026/07/Refo.webp
2026-08-01T12:01:44.206Z,2026-07-31T23:03:06.000Z,"Sport anuncia a contratação de Willian Oliveira, ex-Coritiba","O Sport anunciou mais um reforço para a sequência da temporada. Nesta sexta-feira, o clube confirmou a contratação do volante Willian Oliveira, que vinha atuando pelo Coritiba em 2...",Gazeta Esportiva,https://www.gazetaesportiva.com/times/sport/sport-anuncia-a-contratacao-de-willian-oliveira-ex-coritiba/,https://static.gazetaesportiva.com/uploads/2026/07/WhatsApp-Image-2026-07-31-at-20.02.07.webp
2026-08-01T12:01:44.206Z,2026-07-31T22:40:52.000Z,Gabriel e Martinelli se reapresentam ao elenco do Arsenal,"Gabriel e Martinelli se reapresentam ao elenco do Arsenal
O post Gabriel e Martinelli se reapresentam ao elenco do Arsenal apareceu primeiro em Gazeta Esportiva.",Gazeta Esportiva,https://www.gazetaesportiva.com/times/arsenal/gabriel-e-martinelli-se-reapresentam-ao-elenco-do-arsenal/,https://static.gazetaesportiva.com/uploads/2026/07/Gabri.webp
2026-08-01T14:05:19.114Z,2026-08-01T11:00:07.000Z,Promessa do Palmeiras celebra fase decisiva e mira título do Brasileiro sub-20: &#8220;Queremos muito&#8221;,"O meia-atacante Vinicius Lima voltou a ser decisivo pelo Palmeiras no Campeonato Brasileiro sub-20, na vitória por 2 a 0 sobre o Red Bull Bragantino, resultado que colocou as Crias...",Gazeta Esportiva,https://www.gazetaesportiva.com/times/palmeiras/promessa-do-palmeiras-celebra-fase-decisiva-e-mira-titulo-do-brasileiro-sub-20-queremos-muito/,https://static.gazetaesportiva.com/uploads/2026/07/FTM-8166.webp
2026-08-01T14:05:19.114Z,2026-08-01T00:15:26.000Z,Reforços e novidades! Como fica o Chelsea em 2026/27?,"Reforços e novidades! Como fica o Chelsea em 2026/27?
O post Reforços e novidades! Como fica o Chelsea em 2026/27? apareceu primeiro em Gazeta Esportiva.",Gazeta Esportiva,https://www.gazetaesportiva.com/times/chelsea/reforcos-e-novidades-como-fica-o-chelsea-em-2026-27/,https://static.gazetaesportiva.com/uploads/2026/07/Refo.webp
2026-08-01T14:05:19.114Z,2026-07-31T23:03:06.000Z,"Sport anuncia a contratação de Willian Oliveira, ex-Coritiba","O Sport anunciou mais um reforço para a sequência da temporada. Nesta sexta-feira, o clube confirmou a contratação do volante Willian Oliveira, que vinha atuando pelo Coritiba em 2...",Gazeta Esportiva,https://www.gazetaesportiva.com/times/sport/sport-anuncia-a-contratacao-de-willian-oliveira-ex-coritiba/,https://static.gazetaesportiva.com/uploads/2026/07/WhatsApp-Image-2026-07-31-at-20.02.07.webp
2026-08-01T14:05:19.114Z,2026-07-31T22:40:52.000Z,Gabriel e Martinelli se reapresentam ao elenco do Arsenal,"Gabriel e Martinelli se reapresentam ao elenco do Arsenal
O post Gabriel e Martinelli se reapresentam ao elenco do Arsenal apareceu primeiro em Gazeta Esportiva.",Gazeta Esportiva,https://www.gazetaesportiva.com/times/arsenal/gabriel-e-martinelli-se-reapresentam-ao-elenco-do-arsenal/,https://static.gazetaesportiva.com/uploads/2026/07/Gabri.webp
2026-08-01T15:35:14.527Z,2026-08-01T14:59:29.000Z,"Jogadores do Tottenham, Solanke e Richarlison treinam finalizações em Sydney","Solanke e Richarlison treinam finalizações em Sydney
O post Jogadores do Tottenham, Solanke e Richarlison treinam finalizações em Sydney apareceu primeiro em Gazeta Esportiva.",Gazeta Esportiva,https://www.gazetaesportiva.com/times/tottenham/jogadores-do-tottenham-solanke-e-richarlison-treinam-finalizacoes-em-sydney/,https://static.gazetaesportiva.com/uploads/2026/08/Sola.webp
2026-08-01T15:35:14.527Z,2026-08-01T11:00:07.000Z,Promessa do Palmeiras celebra fase decisiva e mira título do Brasileiro sub-20: &#8220;Queremos muito&#8221;,"O meia-atacante Vinicius Lima voltou a ser decisivo pelo Palmeiras no Campeonato Brasileiro sub-20, na vitória por 2 a 0 sobre o Red Bull Bragantino, resultado que colocou as Crias...",Gazeta Esportiva,https://www.gazetaesportiva.com/times/palmeiras/promessa-do-palmeiras-celebra-fase-decisiva-e-mira-titulo-do-brasileiro-sub-20-queremos-muito/,https://static.gazetaesportiva.com/uploads/2026/07/FTM-8166.webp
2026-08-01T15:35:14.527Z,2026-08-01T00:15:26.000Z,Reforços e novidades! Como fica o Chelsea em 2026/27?,"Reforços e novidades! Como fica o Chelsea em 2026/27?
O post Reforços e novidades! Como fica o Chelsea em 2026/27? apareceu primeiro em Gazeta Esportiva.",Gazeta Esportiva,https://www.gazetaesportiva.com/times/chelsea/reforcos-e-novidades-como-fica-o-chelsea-em-2026-27/,https://static.gazetaesportiva.com/uploads/2026/07/Refo.webp
2026-08-01T15:35:14.527Z,2026-07-31T23:03:06.000Z,"Sport anuncia a contratação de Willian Oliveira, ex-Coritiba","O Sport anunciou mais um reforço para a sequência da temporada. Nesta sexta-feira, o clube confirmou a contratação do volante Willian Oliveira, que vinha atuando pelo Coritiba em 2...",Gazeta Esportiva,https://www.gazetaesportiva.com/times/sport/sport-anuncia-a-contratacao-de-willian-oliveira-ex-coritiba/,https://static.gazetaesportiva.com/uploads/2026/07/WhatsApp-Image-2026-07-31-at-20.02.07.webp
2026-08-01T15:35:14.527Z,2026-07-31T22:40:52.000Z,Gabriel e Martinelli se reapresentam ao elenco do Arsenal,"Gabriel e Martinelli se reapresentam ao elenco do Arsenal
O post Gabriel e Martinelli se reapresentam ao elenco do Arsenal apareceu primeiro em Gazeta Esportiva.",Gazeta Esportiva,https://www.gazetaesportiva.com/times/arsenal/gabriel-e-martinelli-se-reapresentam-ao-elenco-do-arsenal/,https://static.gazetaesportiva.com/uploads/2026/07/Gabri.webp
2026-08-01T16:55:57.944Z,2026-08-01T16:45:06.000Z,Sport rescinde contrato com ex-jogador do Santos,"O Sport anunciou a rescisão contratual do lateral-direito Madson em comum acordo. Contratado para a temporada, o jogador deixa o clube após disputar 16 partidas e marcar um gol, pa...",Gazeta Esportiva,https://www.gazetaesportiva.com/times/sport/sport-rescinde-contrato-com-ex-jogador-do-santos/,https://static.gazetaesportiva.com/uploads/2026/08/HOo390VXgAAW-rD.webp
2026-08-01T16:55:57.944Z,2026-08-01T14:59:29.000Z,"Jogadores do Tottenham, Solanke e Richarlison treinam finalizações em Sydney","Solanke e Richarlison treinam finalizações em Sydney
O post Jogadores do Tottenham, Solanke e Richarlison treinam finalizações em Sydney apareceu primeiro em Gazeta Esportiva.",Gazeta Esportiva,https://www.gazetaesportiva.com/times/tottenham/jogadores-do-tottenham-solanke-e-richarlison-treinam-finalizacoes-em-sydney/,https://static.gazetaesportiva.com/uploads/2026/08/Sola.webp
2026-08-01T16:55:57.944Z,2026-08-01T11:00:07.000Z,Promessa do Palmeiras celebra fase decisiva e mira título do Brasileiro sub-20: &#8220;Queremos muito&#8221;,"O meia-atacante Vinicius Lima voltou a ser decisivo pelo Palmeiras no Campeonato Brasileiro sub-20, na vitória por 2 a 0 sobre o Red Bull Bragantino, resultado que colocou as Crias...",Gazeta Esportiva,https://www.gazetaesportiva.com/times/palmeiras/promessa-do-palmeiras-celebra-fase-decisiva-e-mira-titulo-do-brasileiro-sub-20-queremos-muito/,https://static.gazetaesportiva.com/uploads/2026/07/FTM-8166.webp
2026-08-01T16:55:57.944Z,2026-08-01T00:15:26.000Z,Reforços e novidades! Como fica o Chelsea em 2026/27?,"Reforços e novidades! Como fica o Chelsea em 2026/27?
O post Reforços e novidades! Como fica o Chelsea em 2026/27? apareceu primeiro em Gazeta Esportiva.",Gazeta Esportiva,https://www.gazetaesportiva.com/times/chelsea/reforcos-e-novidades-como-fica-o-chelsea-em-2026-27/,https://static.gazetaesportiva.com/uploads/2026/07/Refo.webp
2026-08-01T16:55:57.944Z,2026-07-31T23:03:06.000Z,"Sport anuncia a contratação de Willian Oliveira, ex-Coritiba","O Sport anunciou mais um reforço para a sequência da temporada. Nesta sexta-feira, o clube confirmou a contratação do volante Willian Oliveira, que vinha atuando pelo Coritiba em 2...",Gazeta Esportiva,https://www.gazetaesportiva.com/times/sport/sport-anuncia-a-contratacao-de-willian-oliveira-ex-coritiba/,https://static.gazetaesportiva.com/uploads/2026/07/WhatsApp-Image-2026-07-31-at-20.02.07.webp
2026-08-01T17:58:56.264Z,2026-08-01T16:45:06.000Z,Sport rescinde contrato com ex-jogador do Santos,"O Sport anunciou a rescisão contratual do lateral-direito Madson em comum acordo. Contratado para a temporada, o jogador deixa o clube após disputar 16 partidas e marcar um gol, pa...",Gazeta Esportiva,https://www.gazetaesportiva.com/times/sport/sport-rescinde-contrato-com-ex-jogador-do-santos/,https://static.gazetaesportiva.com/uploads/2026/08/HOo390VXgAAW-rD.webp
2026-08-01T17:58:56.264Z,2026-08-01T14:59:29.000Z,"Jogadores do Tottenham, Solanke e Richarlison treinam finalizações em Sydney","Solanke e Richarlison treinam finalizações em Sydney
O post Jogadores do Tottenham, Solanke e Richarlison treinam finalizações em Sydney apareceu primeiro em Gazeta Esportiva.",Gazeta Esportiva,https://www.gazetaesportiva.com/times/tottenham/jogadores-do-tottenham-solanke-e-richarlison-treinam-finalizacoes-em-sydney/,https://static.gazetaesportiva.com/uploads/2026/08/Sola.webp
2026-08-01T17:58:56.264Z,2026-08-01T11:00:07.000Z,Promessa do Palmeiras celebra fase decisiva e mira título do Brasileiro sub-20: &#8220;Queremos muito&#8221;,"O meia-atacante Vinicius Lima voltou a ser decisivo pelo Palmeiras no Campeonato Brasileiro sub-20, na vitória por 2 a 0 sobre o Red Bull Bragantino, resultado que colocou as Crias...",Gazeta Esportiva,https://www.gazetaesportiva.com/times/palmeiras/promessa-do-palmeiras-celebra-fase-decisiva-e-mira-titulo-do-brasileiro-sub-20-queremos-muito/,https://static.gazetaesportiva.com/uploads/2026/07/FTM-8166.webp
2026-08-01T17:58:56.264Z,2026-08-01T00:15:26.000Z,Reforços e novidades! Como fica o Chelsea em 2026/27?,"Reforços e novidades! Como fica o Chelsea em 2026/27?
O post Reforços e novidades! Como fica o Chelsea em 2026/27? apareceu primeiro em Gazeta Esportiva.",Gazeta Esportiva,https://www.gazetaesportiva.com/times/chelsea/reforcos-e-novidades-como-fica-o-chelsea-em-2026-27/,https://static.gazetaesportiva.com/uploads/2026/07/Refo.webp
2026-08-01T19:19:35.433Z,2026-08-01T19:19:35.431Z,Everton Ribeiro completa 120 jogos pelo Bahia com golaço na Fonte Nova,"O veterano meia do Bahia comandou a vitória tricolor com passes decisivos e um belíssimo gol de fora da área, aplaudido de pé.",Bahia Esportes,https://www.gazetaesportiva.com?id=curado-jogadores-0-2026-08-01,https://images.unsplash.com/photo-1543351611-58f69d7c1781?q=80&w=600&auto=format&fit=crop
2026-08-01T19:19:35.433Z,2026-08-01T16:45:06.000Z,Sport rescinde contrato com ex-jogador do Santos,"O Sport anunciou a rescisão contratual do lateral-direito Madson em comum acordo. Contratado para a temporada, o jogador deixa o clube após disputar 16 partidas e marcar um gol, pa...",Gazeta Esportiva,https://www.gazetaesportiva.com/times/sport/sport-rescinde-contrato-com-ex-jogador-do-santos/,https://static.gazetaesportiva.com/uploads/2026/08/HOo390VXgAAW-rD.webp
2026-08-01T19:19:35.433Z,2026-08-01T14:59:29.000Z,"Jogadores do Tottenham, Solanke e Richarlison treinam finalizações em Sydney","Solanke e Richarlison treinam finalizações em Sydney
O post Jogadores do Tottenham, Solanke e Richarlison treinam finalizações em Sydney apareceu primeiro em Gazeta Esportiva.",Gazeta Esportiva,https://www.gazetaesportiva.com/times/tottenham/jogadores-do-tottenham-solanke-e-richarlison-treinam-finalizacoes-em-sydney/,https://static.gazetaesportiva.com/uploads/2026/08/Sola.webp
2026-08-01T19:19:35.433Z,2026-08-01T11:00:07.000Z,Promessa do Palmeiras celebra fase decisiva e mira título do Brasileiro sub-20: &#8220;Queremos muito&#8221;,"O meia-atacante Vinicius Lima voltou a ser decisivo pelo Palmeiras no Campeonato Brasileiro sub-20, na vitória por 2 a 0 sobre o Red Bull Bragantino, resultado que colocou as Crias...",Gazeta Esportiva,https://www.gazetaesportiva.com/times/palmeiras/promessa-do-palmeiras-celebra-fase-decisiva-e-mira-titulo-do-brasileiro-sub-20-queremos-muito/,https://static.gazetaesportiva.com/uploads/2026/07/FTM-8166.webp
2026-08-01T20:25:20.263Z,2026-08-01T20:25:20.261Z,Everton Ribeiro completa 120 jogos pelo Bahia com golaço na Fonte Nova,"O veterano meia do Bahia comandou a vitória tricolor com passes decisivos e um belíssimo gol de fora da área, aplaudido de pé.",Bahia Esportes,https://www.gazetaesportiva.com?id=curado-jogadores-0-2026-08-01,https://images.unsplash.com/photo-1543351611-58f69d7c1781?q=80&w=600&auto=format&fit=crop
2026-08-01T20:25:20.263Z,2026-08-01T16:45:06.000Z,Sport rescinde contrato com ex-jogador do Santos,"O Sport anunciou a rescisão contratual do lateral-direito Madson em comum acordo. Contratado para a temporada, o jogador deixa o clube após disputar 16 partidas e marcar um gol, pa...",Gazeta Esportiva,https://www.gazetaesportiva.com/times/sport/sport-rescinde-contrato-com-ex-jogador-do-santos/,https://static.gazetaesportiva.com/uploads/2026/08/HOo390VXgAAW-rD.webp
2026-08-01T20:25:20.263Z,2026-08-01T14:59:29.000Z,"Jogadores do Tottenham, Solanke e Richarlison treinam finalizações em Sydney","Solanke e Richarlison treinam finalizações em Sydney
O post Jogadores do Tottenham, Solanke e Richarlison treinam finalizações em Sydney apareceu primeiro em Gazeta Esportiva.",Gazeta Esportiva,https://www.gazetaesportiva.com/times/tottenham/jogadores-do-tottenham-solanke-e-richarlison-treinam-finalizacoes-em-sydney/,https://static.gazetaesportiva.com/uploads/2026/08/Sola.webp
2026-08-01T20:25:20.263Z,2026-08-01T11:00:07.000Z,Promessa do Palmeiras celebra fase decisiva e mira título do Brasileiro sub-20: &#8220;Queremos muito&#8221;,"O meia-atacante Vinicius Lima voltou a ser decisivo pelo Palmeiras no Campeonato Brasileiro sub-20, na vitória por 2 a 0 sobre o Red Bull Bragantino, resultado que colocou as Crias...",Gazeta Esportiva,https://www.gazetaesportiva.com/times/palmeiras/promessa-do-palmeiras-celebra-fase-decisiva-e-mira-titulo-do-brasileiro-sub-20-queremos-muito/,https://static.gazetaesportiva.com/uploads/2026/07/FTM-8166.webp
2026-08-01T21:24:12.787Z,2026-08-01T21:24:12.785Z,Everton Ribeiro completa 120 jogos pelo Bahia com golaço na Fonte Nova,"O veterano meia do Bahia comandou a vitória tricolor com passes decisivos e um belíssimo gol de fora da área, aplaudido de pé.",Bahia Esportes,https://www.gazetaesportiva.com?id=curado-jogadores-0-2026-08-01,https://images.unsplash.com/photo-1543351611-58f69d7c1781?q=80&w=600&auto=format&fit=crop
2026-08-01T21:24:12.787Z,2026-08-01T16:45:06.000Z,Sport rescinde contrato com ex-jogador do Santos,"O Sport anunciou a rescisão contratual do lateral-direito Madson em comum acordo. Contratado para a temporada, o jogador deixa o clube após disputar 16 partidas e marcar um gol, pa...",Gazeta Esportiva,https://www.gazetaesportiva.com/times/sport/sport-rescinde-contrato-com-ex-jogador-do-santos/,https://static.gazetaesportiva.com/uploads/2026/08/HOo390VXgAAW-rD.webp
2026-08-01T21:24:12.787Z,2026-08-01T14:59:29.000Z,"Jogadores do Tottenham, Solanke e Richarlison treinam finalizações em Sydney","Solanke e Richarlison treinam finalizações em Sydney
O post Jogadores do Tottenham, Solanke e Richarlison treinam finalizações em Sydney apareceu primeiro em Gazeta Esportiva.",Gazeta Esportiva,https://www.gazetaesportiva.com/times/tottenham/jogadores-do-tottenham-solanke-e-richarlison-treinam-finalizacoes-em-sydney/,https://static.gazetaesportiva.com/uploads/2026/08/Sola.webp
2026-08-01T21:24:12.787Z,2026-08-01T11:00:07.000Z,Promessa do Palmeiras celebra fase decisiva e mira título do Brasileiro sub-20: &#8220;Queremos muito&#8221;,"O meia-atacante Vinicius Lima voltou a ser decisivo pelo Palmeiras no Campeonato Brasileiro sub-20, na vitória por 2 a 0 sobre o Red Bull Bragantino, resultado que colocou as Crias...",Gazeta Esportiva,https://www.gazetaesportiva.com/times/palmeiras/promessa-do-palmeiras-celebra-fase-decisiva-e-mira-titulo-do-brasileiro-sub-20-queremos-muito/,https://static.gazetaesportiva.com/uploads/2026/07/FTM-8166.webp
2026-08-01T22:26:14.484Z,2026-08-01T21:47:47.000Z,"Vitória parabeniza STJD por denúncia contra Maurício, do Palmeiras, e volta a criticar arbitragem","O Vitória se manifestou após o STJD denunciar o meia Maurício, do Palmeiras, por uma suposta agressão ao zagueiro Cacá no duelo entre as equipes pelo Campeonato Brasileiro. Em nota...",Gazeta Esportiva,https://www.gazetaesportiva.com/times/palmeiras/vitoria-parabeniza-stjd-por-denuncia-contra-mauricio-do-palmeiras-e-volta-a-criticar-arbitragem/,https://static.gazetaesportiva.com/uploads/2026/08/29072026_cg_palmeiras_7291_62-1.webp
2026-08-01T22:26:14.484Z,2026-08-01T16:45:06.000Z,Sport rescinde contrato com ex-jogador do Santos,"O Sport anunciou a rescisão contratual do lateral-direito Madson em comum acordo. Contratado para a temporada, o jogador deixa o clube após disputar 16 partidas e marcar um gol, pa...",Gazeta Esportiva,https://www.gazetaesportiva.com/times/sport/sport-rescinde-contrato-com-ex-jogador-do-santos/,https://static.gazetaesportiva.com/uploads/2026/08/HOo390VXgAAW-rD.webp
2026-08-01T22:26:14.484Z,2026-08-01T14:59:29.000Z,"Jogadores do Tottenham, Solanke e Richarlison treinam finalizações em Sydney","Solanke e Richarlison treinam finalizações em Sydney
O post Jogadores do Tottenham, Solanke e Richarlison treinam finalizações em Sydney apareceu primeiro em Gazeta Esportiva.",Gazeta Esportiva,https://www.gazetaesportiva.com/times/tottenham/jogadores-do-tottenham-solanke-e-richarlison-treinam-finalizacoes-em-sydney/,https://static.gazetaesportiva.com/uploads/2026/08/Sola.webp
2026-08-01T22:26:14.484Z,2026-08-01T11:00:07.000Z,Promessa do Palmeiras celebra fase decisiva e mira título do Brasileiro sub-20: &#8220;Queremos muito&#8221;,"O meia-atacante Vinicius Lima voltou a ser decisivo pelo Palmeiras no Campeonato Brasileiro sub-20, na vitória por 2 a 0 sobre o Red Bull Bragantino, resultado que colocou as Crias...",Gazeta Esportiva,https://www.gazetaesportiva.com/times/palmeiras/promessa-do-palmeiras-celebra-fase-decisiva-e-mira-titulo-do-brasileiro-sub-20-queremos-muito/,https://static.gazetaesportiva.com/uploads/2026/07/FTM-8166.webp
2026-08-01T23:28:16.378Z,2026-08-01T23:28:16.375Z,Everton Ribeiro completa 120 jogos pelo Bahia com golaço na Fonte Nova,"O veterano meia do Bahia comandou a vitória tricolor com passes decisivos e um belíssimo gol de fora da área, aplaudido de pé.",Bahia Esportes,https://www.gazetaesportiva.com?id=curado-jogadores-0-2026-08-01,https://images.unsplash.com/photo-1543351611-58f69d7c1781?q=80&w=600&auto=format&fit=crop
2026-08-01T23:28:16.378Z,2026-08-01T21:47:47.000Z,"Vitória parabeniza STJD por denúncia contra Maurício, do Palmeiras, e volta a criticar arbitragem","O Vitória se manifestou após o STJD denunciar o meia Maurício, do Palmeiras, por uma suposta agressão ao zagueiro Cacá no duelo entre as equipes pelo Campeonato Brasileiro. Em nota...",Gazeta Esportiva,https://www.gazetaesportiva.com/times/palmeiras/vitoria-parabeniza-stjd-por-denuncia-contra-mauricio-do-palmeiras-e-volta-a-criticar-arbitragem/,https://static.gazetaesportiva.com/uploads/2026/08/29072026_cg_palmeiras_7291_62-1.webp
2026-08-01T23:28:16.378Z,2026-08-01T20:28:16.375Z,Renato Kayzer entra na mira de clubes europeus após grande fase no Castelão,Artilheiro do Fortaleza marcou 15 gols nos últimos 20 jogos. Agentes confirmam contatos de times da Itália e de Portugal.,Diário do Ceará,https://www.gazetaesportiva.com?id=curado-jogadores-1-2026-08-01,https://images.unsplash.com/photo-1518063319789-7217e6706b04?q=80&w=600&auto=format&fit=crop
2026-08-01T23:28:16.378Z,2026-08-01T16:45:06.000Z,Sport rescinde contrato com ex-jogador do Santos,"O Sport anunciou a rescisão contratual do lateral-direito Madson em comum acordo. Contratado para a temporada, o jogador deixa o clube após disputar 16 partidas e marcar um gol, pa...",Gazeta Esportiva,https://www.gazetaesportiva.com/times/sport/sport-rescinde-contrato-com-ex-jogador-do-santos/,https://static.gazetaesportiva.com/uploads/2026/08/HOo390VXgAAW-rD.webp
2026-08-02T01:07:32.578Z,2026-08-02T01:07:32.575Z,Everton Ribeiro completa 120 jogos pelo Bahia com golaço na Fonte Nova,"O veterano meia do Bahia comandou a vitória tricolor com passes decisivos e um belíssimo gol de fora da área, aplaudido de pé.",Bahia Esportes,https://www.gazetaesportiva.com?id=curado-jogadores-0-2026-08-02,https://images.unsplash.com/photo-1543351611-58f69d7c1781?q=80&w=600&auto=format&fit=crop
2026-08-02T01:07:32.578Z,2026-08-01T22:07:32.575Z,Renato Kayzer entra na mira de clubes europeus após grande fase no Castelão,Artilheiro do Fortaleza marcou 15 gols nos últimos 20 jogos. Agentes confirmam contatos de times da Itália e de Portugal.,Diário do Ceará,https://www.gazetaesportiva.com?id=curado-jogadores-1-2026-08-01,https://images.unsplash.com/photo-1518063319789-7217e6706b04?q=80&w=600&auto=format&fit=crop
2026-08-02T01:07:32.578Z,2026-08-01T21:47:47.000Z,"Vitória parabeniza STJD por denúncia contra Maurício, do Palmeiras, e volta a criticar arbitragem","O Vitória se manifestou após o STJD denunciar o meia Maurício, do Palmeiras, por uma suposta agressão ao zagueiro Cacá no duelo entre as equipes pelo Campeonato Brasileiro. Em nota...",Gazeta Esportiva,https://www.gazetaesportiva.com/times/palmeiras/vitoria-parabeniza-stjd-por-denuncia-contra-mauricio-do-palmeiras-e-volta-a-criticar-arbitragem/,https://static.gazetaesportiva.com/uploads/2026/08/29072026_cg_palmeiras_7291_62-1.webp
2026-08-02T01:07:32.578Z,2026-08-01T19:07:32.575Z,Revelação do Ceará SC viaja para testes na Alemanha neste fim de semana,O jovem meio-campista de apenas 18 anos despertou interesse de clubes da Bundesliga após excelente atuação na Copa São Paulo.,Vozão Diário,https://www.gazetaesportiva.com?id=curado-jogadores-2-2026-08-01,https://images.unsplash.com/photo-1508098682722-e99c43a406b2?q=80&w=600&auto=format&fit=crop
2026-08-02T04:52:00.431Z,2026-08-02T04:52:00.430Z,Everton Ribeiro completa 120 jogos pelo Bahia com golaço na Fonte Nova,"O veterano meia do Bahia comandou a vitória tricolor com passes decisivos e um belíssimo gol de fora da área, aplaudido de pé.",Bahia Esportes,https://www.gazetaesportiva.com?id=curado-jogadores-0-2026-08-02,https://images.unsplash.com/photo-1543351611-58f69d7c1781?q=80&w=600&auto=format&fit=crop
2026-08-02T04:52:00.431Z,2026-08-02T01:52:00.430Z,Renato Kayzer entra na mira de clubes europeus após grande fase no Castelão,Artilheiro do Fortaleza marcou 15 gols nos últimos 20 jogos. Agentes confirmam contatos de times da Itália e de Portugal.,Diário do Ceará,https://www.gazetaesportiva.com?id=curado-jogadores-1-2026-08-02,https://images.unsplash.com/photo-1518063319789-7217e6706b04?q=80&w=600&auto=format&fit=crop
2026-08-02T04:52:00.431Z,2026-08-01T22:52:00.430Z,Revelação do Ceará SC viaja para testes na Alemanha neste fim de semana,O jovem meio-campista de apenas 18 anos despertou interesse de clubes da Bundesliga após excelente atuação na Copa São Paulo.,Vozão Diário,https://www.gazetaesportiva.com?id=curado-jogadores-2-2026-08-01,https://images.unsplash.com/photo-1508098682722-e99c43a406b2?q=80&w=600&auto=format&fit=crop
2026-08-02T04:52:00.431Z,2026-08-01T21:47:47.000Z,"Vitória parabeniza STJD por denúncia contra Maurício, do Palmeiras, e volta a criticar arbitragem","O Vitória se manifestou após o STJD denunciar o meia Maurício, do Palmeiras, por uma suposta agressão ao zagueiro Cacá no duelo entre as equipes pelo Campeonato Brasileiro. Em nota...",Gazeta Esportiva,https://www.gazetaesportiva.com/times/palmeiras/vitoria-parabeniza-stjd-por-denuncia-contra-mauricio-do-palmeiras-e-volta-a-criticar-arbitragem/,https://static.gazetaesportiva.com/uploads/2026/08/29072026_cg_palmeiras_7291_62-1.webp
2026-08-02T07:30:06.008Z,2026-08-02T07:30:06.005Z,Everton Ribeiro completa 120 jogos pelo Bahia com golaço na Fonte Nova,"O veterano meia do Bahia comandou a vitória tricolor com passes decisivos e um belíssimo gol de fora da área, aplaudido de pé.",Bahia Esportes,https://www.gazetaesportiva.com?id=curado-jogadores-0-2026-08-02,https://images.unsplash.com/photo-1543351611-58f69d7c1781?q=80&w=600&auto=format&fit=crop
2026-08-02T07:30:06.008Z,2026-08-02T04:30:06.005Z,Renato Kayzer entra na mira de clubes europeus após grande fase no Castelão,Artilheiro do Fortaleza marcou 15 gols nos últimos 20 jogos. Agentes confirmam contatos de times da Itália e de Portugal.,Diário do Ceará,https://www.gazetaesportiva.com?id=curado-jogadores-1-2026-08-02,https://images.unsplash.com/photo-1518063319789-7217e6706b04?q=80&w=600&auto=format&fit=crop
2026-08-02T07:30:06.008Z,2026-08-02T01:30:06.005Z,Revelação do Ceará SC viaja para testes na Alemanha neste fim de semana,O jovem meio-campista de apenas 18 anos despertou interesse de clubes da Bundesliga após excelente atuação na Copa São Paulo.,Vozão Diário,https://www.gazetaesportiva.com?id=curado-jogadores-2-2026-08-02,https://images.unsplash.com/photo-1508098682722-e99c43a406b2?q=80&w=600&auto=format&fit=crop
2026-08-02T07:30:06.008Z,2026-08-01T21:47:47.000Z,"Vitória parabeniza STJD por denúncia contra Maurício, do Palmeiras, e volta a criticar arbitragem","O Vitória se manifestou após o STJD denunciar o meia Maurício, do Palmeiras, por uma suposta agressão ao zagueiro Cacá no duelo entre as equipes pelo Campeonato Brasileiro. Em nota...",Gazeta Esportiva,https://www.gazetaesportiva.com/times/palmeiras/vitoria-parabeniza-stjd-por-denuncia-contra-mauricio-do-palmeiras-e-volta-a-criticar-arbitragem/,https://static.gazetaesportiva.com/uploads/2026/08/29072026_cg_palmeiras_7291_62-1.webp
2026-08-02T09:35:41.352Z,2026-08-02T09:35:41.350Z,Everton Ribeiro completa 120 jogos pelo Bahia com golaço na Fonte Nova,"O veterano meia do Bahia comandou a vitória tricolor com passes decisivos e um belíssimo gol de fora da área, aplaudido de pé.",Bahia Esportes,https://www.gazetaesportiva.com?id=curado-jogadores-0-2026-08-02,https://images.unsplash.com/photo-1543351611-58f69d7c1781?q=80&w=600&auto=format&fit=crop
2026-08-02T09:35:41.352Z,2026-08-02T06:35:41.350Z,Renato Kayzer entra na mira de clubes europeus após grande fase no Castelão,Artilheiro do Fortaleza marcou 15 gols nos últimos 20 jogos. Agentes confirmam contatos de times da Itália e de Portugal.,Diário do Ceará,https://www.gazetaesportiva.com?id=curado-jogadores-1-2026-08-02,https://images.unsplash.com/photo-1518063319789-7217e6706b04?q=80&w=600&auto=format&fit=crop
2026-08-02T09:35:41.352Z,2026-08-02T03:35:41.350Z,Revelação do Ceará SC viaja para testes na Alemanha neste fim de semana,O jovem meio-campista de apenas 18 anos despertou interesse de clubes da Bundesliga após excelente atuação na Copa São Paulo.,Vozão Diário,https://www.gazetaesportiva.com?id=curado-jogadores-2-2026-08-02,https://images.unsplash.com/photo-1508098682722-e99c43a406b2?q=80&w=600&auto=format&fit=crop
2026-08-02T09:35:41.352Z,2026-08-01T21:47:47.000Z,"Vitória parabeniza STJD por denúncia contra Maurício, do Palmeiras, e volta a criticar arbitragem","O Vitória se manifestou após o STJD denunciar o meia Maurício, do Palmeiras, por uma suposta agressão ao zagueiro Cacá no duelo entre as equipes pelo Campeonato Brasileiro. Em nota...",Gazeta Esportiva,https://www.gazetaesportiva.com/times/palmeiras/vitoria-parabeniza-stjd-por-denuncia-contra-mauricio-do-palmeiras-e-volta-a-criticar-arbitragem/,https://static.gazetaesportiva.com/uploads/2026/08/29072026_cg_palmeiras_7291_62-1.webp
2026-08-02T11:13:43.816Z,2026-08-02T11:13:43.814Z,Everton Ribeiro completa 120 jogos pelo Bahia com golaço na Fonte Nova,"O veterano meia do Bahia comandou a vitória tricolor com passes decisivos e um belíssimo gol de fora da área, aplaudido de pé.",Bahia Esportes,https://www.gazetaesportiva.com?id=curado-jogadores-0-2026-08-02,https://images.unsplash.com/photo-1543351611-58f69d7c1781?q=80&w=600&auto=format&fit=crop
2026-08-02T11:13:43.816Z,2026-08-02T08:13:43.814Z,Renato Kayzer entra na mira de clubes europeus após grande fase no Castelão,Artilheiro do Fortaleza marcou 15 gols nos últimos 20 jogos. Agentes confirmam contatos de times da Itália e de Portugal.,Diário do Ceará,https://www.gazetaesportiva.com?id=curado-jogadores-1-2026-08-02,https://images.unsplash.com/photo-1518063319789-7217e6706b04?q=80&w=600&auto=format&fit=crop
2026-08-02T11:13:43.816Z,2026-08-02T05:13:43.814Z,Revelação do Ceará SC viaja para testes na Alemanha neste fim de semana,O jovem meio-campista de apenas 18 anos despertou interesse de clubes da Bundesliga após excelente atuação na Copa São Paulo.,Vozão Diário,https://www.gazetaesportiva.com?id=curado-jogadores-2-2026-08-02,https://images.unsplash.com/photo-1508098682722-e99c43a406b2?q=80&w=600&auto=format&fit=crop
2026-08-02T11:13:43.816Z,2026-08-01T21:47:47.000Z,"Vitória parabeniza STJD por denúncia contra Maurício, do Palmeiras, e volta a criticar arbitragem","O Vitória se manifestou após o STJD denunciar o meia Maurício, do Palmeiras, por uma suposta agressão ao zagueiro Cacá no duelo entre as equipes pelo Campeonato Brasileiro. Em nota...",Gazeta Esportiva,https://www.gazetaesportiva.com/times/palmeiras/vitoria-parabeniza-stjd-por-denuncia-contra-mauricio-do-palmeiras-e-volta-a-criticar-arbitragem/,https://static.gazetaesportiva.com/uploads/2026/08/29072026_cg_palmeiras_7291_62-1.webp
2026-08-02T12:34:07.902Z,2026-08-02T12:34:07.900Z,Everton Ribeiro completa 120 jogos pelo Bahia com golaço na Fonte Nova,"O veterano meia do Bahia comandou a vitória tricolor com passes decisivos e um belíssimo gol de fora da área, aplaudido de pé.",Bahia Esportes,https://www.gazetaesportiva.com?id=curado-jogadores-0-2026-08-02,https://images.unsplash.com/photo-1543351611-58f69d7c1781?q=80&w=600&auto=format&fit=crop
2026-08-02T12:34:07.902Z,2026-08-02T09:34:07.900Z,Renato Kayzer entra na mira de clubes europeus após grande fase no Castelão,Artilheiro do Fortaleza marcou 15 gols nos últimos 20 jogos. Agentes confirmam contatos de times da Itália e de Portugal.,Diário do Ceará,https://www.gazetaesportiva.com?id=curado-jogadores-1-2026-08-02,https://images.unsplash.com/photo-1518063319789-7217e6706b04?q=80&w=600&auto=format&fit=crop
2026-08-02T12:34:07.902Z,2026-08-02T06:34:07.900Z,Revelação do Ceará SC viaja para testes na Alemanha neste fim de semana,O jovem meio-campista de apenas 18 anos despertou interesse de clubes da Bundesliga após excelente atuação na Copa São Paulo.,Vozão Diário,https://www.gazetaesportiva.com?id=curado-jogadores-2-2026-08-02,https://images.unsplash.com/photo-1508098682722-e99c43a406b2?q=80&w=600&auto=format&fit=crop
2026-08-02T12:34:07.902Z,2026-08-01T21:47:47.000Z,"Vitória parabeniza STJD por denúncia contra Maurício, do Palmeiras, e volta a criticar arbitragem","O Vitória se manifestou após o STJD denunciar o meia Maurício, do Palmeiras, por uma suposta agressão ao zagueiro Cacá no duelo entre as equipes pelo Campeonato Brasileiro. Em nota...",Gazeta Esportiva,https://www.gazetaesportiva.com/times/palmeiras/vitoria-parabeniza-stjd-por-denuncia-contra-mauricio-do-palmeiras-e-volta-a-criticar-arbitragem/,https://static.gazetaesportiva.com/uploads/2026/08/29072026_cg_palmeiras_7291_62-1.webp
2026-08-02T14:26:38.630Z,2026-08-02T14:26:38.628Z,Everton Ribeiro completa 120 jogos pelo Bahia com golaço na Fonte Nova,"O veterano meia do Bahia comandou a vitória tricolor com passes decisivos e um belíssimo gol de fora da área, aplaudido de pé.",Bahia Esportes,https://www.gazetaesportiva.com?id=curado-jogadores-0-2026-08-02,https://images.unsplash.com/photo-1543351611-58f69d7c1781?q=80&w=600&auto=format&fit=crop
2026-08-02T14:26:38.630Z,2026-08-02T11:26:38.628Z,Renato Kayzer entra na mira de clubes europeus após grande fase no Castelão,Artilheiro do Fortaleza marcou 15 gols nos últimos 20 jogos. Agentes confirmam contatos de times da Itália e de Portugal.,Diário do Ceará,https://www.gazetaesportiva.com?id=curado-jogadores-1-2026-08-02,https://images.unsplash.com/photo-1518063319789-7217e6706b04?q=80&w=600&auto=format&fit=crop
2026-08-02T14:26:38.630Z,2026-08-02T08:26:38.628Z,Revelação do Ceará SC viaja para testes na Alemanha neste fim de semana,O jovem meio-campista de apenas 18 anos despertou interesse de clubes da Bundesliga após excelente atuação na Copa São Paulo.,Vozão Diário,https://www.gazetaesportiva.com?id=curado-jogadores-2-2026-08-02,https://images.unsplash.com/photo-1508098682722-e99c43a406b2?q=80&w=600&auto=format&fit=crop
2026-08-02T14:26:38.630Z,2026-08-01T21:47:47.000Z,"Vitória parabeniza STJD por denúncia contra Maurício, do Palmeiras, e volta a criticar arbitragem","O Vitória se manifestou após o STJD denunciar o meia Maurício, do Palmeiras, por uma suposta agressão ao zagueiro Cacá no duelo entre as equipes pelo Campeonato Brasileiro. Em nota...",Gazeta Esportiva,https://www.gazetaesportiva.com/times/palmeiras/vitoria-parabeniza-stjd-por-denuncia-contra-mauricio-do-palmeiras-e-volta-a-criticar-arbitragem/,https://static.gazetaesportiva.com/uploads/2026/08/29072026_cg_palmeiras_7291_62-1.webp
2026-08-02T15:37:28.067Z,2026-08-02T15:37:28.065Z,Everton Ribeiro completa 120 jogos pelo Bahia com golaço na Fonte Nova,"O veterano meia do Bahia comandou a vitória tricolor com passes decisivos e um belíssimo gol de fora da área, aplaudido de pé.",Bahia Esportes,https://www.gazetaesportiva.com?id=curado-jogadores-0-2026-08-02,https://images.unsplash.com/photo-1543351611-58f69d7c1781?q=80&w=600&auto=format&fit=crop
2026-08-02T15:37:28.067Z,2026-08-02T12:37:28.065Z,Renato Kayzer entra na mira de clubes europeus após grande fase no Castelão,Artilheiro do Fortaleza marcou 15 gols nos últimos 20 jogos. Agentes confirmam contatos de times da Itália e de Portugal.,Diário do Ceará,https://www.gazetaesportiva.com?id=curado-jogadores-1-2026-08-02,https://images.unsplash.com/photo-1518063319789-7217e6706b04?q=80&w=600&auto=format&fit=crop
2026-08-02T15:37:28.067Z,2026-08-02T09:37:28.065Z,Revelação do Ceará SC viaja para testes na Alemanha neste fim de semana,O jovem meio-campista de apenas 18 anos despertou interesse de clubes da Bundesliga após excelente atuação na Copa São Paulo.,Vozão Diário,https://www.gazetaesportiva.com?id=curado-jogadores-2-2026-08-02,https://images.unsplash.com/photo-1508098682722-e99c43a406b2?q=80&w=600&auto=format&fit=crop
2026-08-02T15:37:28.067Z,2026-08-01T21:47:47.000Z,"Vitória parabeniza STJD por denúncia contra Maurício, do Palmeiras, e volta a criticar arbitragem","O Vitória se manifestou após o STJD denunciar o meia Maurício, do Palmeiras, por uma suposta agressão ao zagueiro Cacá no duelo entre as equipes pelo Campeonato Brasileiro. Em nota...",Gazeta Esportiva,https://www.gazetaesportiva.com/times/palmeiras/vitoria-parabeniza-stjd-por-denuncia-contra-mauricio-do-palmeiras-e-volta-a-criticar-arbitragem/,https://static.gazetaesportiva.com/uploads/2026/08/29072026_cg_palmeiras_7291_62-1.webp
2026-08-02T16:54:58.034Z,2026-08-02T16:54:58.032Z,Everton Ribeiro completa 120 jogos pelo Bahia com golaço na Fonte Nova,"O veterano meia do Bahia comandou a vitória tricolor com passes decisivos e um belíssimo gol de fora da área, aplaudido de pé.",Bahia Esportes,https://www.gazetaesportiva.com?id=curado-jogadores-0-2026-08-02,https://images.unsplash.com/photo-1543351611-58f69d7c1781?q=80&w=600&auto=format&fit=crop
2026-08-02T16:54:58.034Z,2026-08-02T13:54:58.032Z,Renato Kayzer entra na mira de clubes europeus após grande fase no Castelão,Artilheiro do Fortaleza marcou 15 gols nos últimos 20 jogos. Agentes confirmam contatos de times da Itália e de Portugal.,Diário do Ceará,https://www.gazetaesportiva.com?id=curado-jogadores-1-2026-08-02,https://images.unsplash.com/photo-1518063319789-7217e6706b04?q=80&w=600&auto=format&fit=crop
2026-08-02T16:54:58.034Z,2026-08-02T10:54:58.032Z,Revelação do Ceará SC viaja para testes na Alemanha neste fim de semana,O jovem meio-campista de apenas 18 anos despertou interesse de clubes da Bundesliga após excelente atuação na Copa São Paulo.,Vozão Diário,https://www.gazetaesportiva.com?id=curado-jogadores-2-2026-08-02,https://images.unsplash.com/photo-1508098682722-e99c43a406b2?q=80&w=600&auto=format&fit=crop
2026-08-02T17:59:01.532Z,2026-08-02T17:59:01.529Z,Everton Ribeiro completa 120 jogos pelo Bahia com golaço na Fonte Nova,"O veterano meia do Bahia comandou a vitória tricolor com passes decisivos e um belíssimo gol de fora da área, aplaudido de pé.",Bahia Esportes,https://www.gazetaesportiva.com?id=curado-jogadores-0-2026-08-02,https://images.unsplash.com/photo-1543351611-58f69d7c1781?q=80&w=600&auto=format&fit=crop
2026-08-02T17:59:01.532Z,2026-08-02T14:59:01.529Z,Renato Kayzer entra na mira de clubes europeus após grande fase no Castelão,Artilheiro do Fortaleza marcou 15 gols nos últimos 20 jogos. Agentes confirmam contatos de times da Itália e de Portugal.,Diário do Ceará,https://www.gazetaesportiva.com?id=curado-jogadores-1-2026-08-02,https://images.unsplash.com/photo-1518063319789-7217e6706b04?q=80&w=600&auto=format&fit=crop
2026-08-02T17:59:01.532Z,2026-08-02T11:59:01.529Z,Revelação do Ceará SC viaja para testes na Alemanha neste fim de semana,O jovem meio-campista de apenas 18 anos despertou interesse de clubes da Bundesliga após excelente atuação na Copa São Paulo.,Vozão Diário,https://www.gazetaesportiva.com?id=curado-jogadores-2-2026-08-02,https://images.unsplash.com/photo-1508098682722-e99c43a406b2?q=80&w=600&auto=format&fit=crop
2026-08-02T19:20:45.117Z,2026-08-02T19:20:45.115Z,Everton Ribeiro completa 120 jogos pelo Bahia com golaço na Fonte Nova,"O veterano meia do Bahia comandou a vitória tricolor com passes decisivos e um belíssimo gol de fora da área, aplaudido de pé.",Bahia Esportes,https://www.gazetaesportiva.com?id=curado-jogadores-0-2026-08-02,https://images.unsplash.com/photo-1543351611-58f69d7c1781?q=80&w=600&auto=format&fit=crop
2026-08-02T19:20:45.117Z,2026-08-02T16:20:45.115Z,Renato Kayzer entra na mira de clubes europeus após grande fase no Castelão,Artilheiro do Fortaleza marcou 15 gols nos últimos 20 jogos. Agentes confirmam contatos de times da Itália e de Portugal.,Diário do Ceará,https://www.gazetaesportiva.com?id=curado-jogadores-1-2026-08-02,https://images.unsplash.com/photo-1518063319789-7217e6706b04?q=80&w=600&auto=format&fit=crop
2026-08-02T19:20:45.117Z,2026-08-02T13:20:45.115Z,Revelação do Ceará SC viaja para testes na Alemanha neste fim de semana,O jovem meio-campista de apenas 18 anos despertou interesse de clubes da Bundesliga após excelente atuação na Copa São Paulo.,Vozão Diário,https://www.gazetaesportiva.com?id=curado-jogadores-2-2026-08-02,https://images.unsplash.com/photo-1508098682722-e99c43a406b2?q=80&w=600&auto=format&fit=crop
2026-08-02T20:27:12.882Z,2026-08-02T20:27:12.879Z,Everton Ribeiro completa 120 jogos pelo Bahia com golaço na Fonte Nova,"O veterano meia do Bahia comandou a vitória tricolor com passes decisivos e um belíssimo gol de fora da área, aplaudido de pé.",Bahia Esportes,https://www.gazetaesportiva.com?id=curado-jogadores-0-2026-08-02,https://images.unsplash.com/photo-1543351611-58f69d7c1781?q=80&w=600&auto=format&fit=crop
2026-08-02T20:27:12.882Z,2026-08-02T17:27:12.879Z,Renato Kayzer entra na mira de clubes europeus após grande fase no Castelão,Artilheiro do Fortaleza marcou 15 gols nos últimos 20 jogos. Agentes confirmam contatos de times da Itália e de Portugal.,Diário do Ceará,https://www.gazetaesportiva.com?id=curado-jogadores-1-2026-08-02,https://images.unsplash.com/photo-1518063319789-7217e6706b04?q=80&w=600&auto=format&fit=crop
2026-08-02T20:27:12.882Z,2026-08-02T14:27:12.879Z,Revelação do Ceará SC viaja para testes na Alemanha neste fim de semana,O jovem meio-campista de apenas 18 anos despertou interesse de clubes da Bundesliga após excelente atuação na Copa São Paulo.,Vozão Diário,https://www.gazetaesportiva.com?id=curado-jogadores-2-2026-08-02,https://images.unsplash.com/photo-1508098682722-e99c43a406b2?q=80&w=600&auto=format&fit=crop
2026-08-02T21:25:22.422Z,2026-08-02T21:25:22.419Z,Everton Ribeiro completa 120 jogos pelo Bahia com golaço na Fonte Nova,"O veterano meia do Bahia comandou a vitória tricolor com passes decisivos e um belíssimo gol de fora da área, aplaudido de pé.",Bahia Esportes,https://www.gazetaesportiva.com?id=curado-jogadores-0-2026-08-02,https://images.unsplash.com/photo-1543351611-58f69d7c1781?q=80&w=600&auto=format&fit=crop
2026-08-02T21:25:22.422Z,2026-08-02T21:08:48.000Z,Flaco López celebra gol em retorno ao Palmeiras pós-Copa e mira títulos: &#8220;Ganhar tudo&#8221;,"Flaco López ajudou o Palmeiras a construir a vitória por 3 a 0 sobre o Fortaleza na tarde deste domingo, pela ida das oitavas de final da Copa do Brasil. O atacante, que fez apenas...",Gazeta Esportiva,https://www.gazetaesportiva.com/times/palmeiras/flaco-lopez-celebra-gol-em-retorno-ao-palmeiras-pos-copa-e-mira-titulos-ganhar-tudo/,https://static.gazetaesportiva.com/uploads/2026/08/HOvQjeuXcAATIDg.webp
2026-08-02T21:25:22.422Z,2026-08-02T18:25:22.419Z,Renato Kayzer entra na mira de clubes europeus após grande fase no Castelão,Artilheiro do Fortaleza marcou 15 gols nos últimos 20 jogos. Agentes confirmam contatos de times da Itália e de Portugal.,Diário do Ceará,https://www.gazetaesportiva.com?id=curado-jogadores-1-2026-08-02,https://images.unsplash.com/photo-1518063319789-7217e6706b04?q=80&w=600&auto=format&fit=crop
2026-08-02T21:25:22.422Z,2026-08-02T15:25:22.419Z,Revelação do Ceará SC viaja para testes na Alemanha neste fim de semana,O jovem meio-campista de apenas 18 anos despertou interesse de clubes da Bundesliga após excelente atuação na Copa São Paulo.,Vozão Diário,https://www.gazetaesportiva.com?id=curado-jogadores-2-2026-08-02,https://images.unsplash.com/photo-1508098682722-e99c43a406b2?q=80&w=600&auto=format&fit=crop
2026-08-02T22:26:52.758Z,2026-08-02T22:26:52.756Z,Everton Ribeiro completa 120 jogos pelo Bahia com golaço na Fonte Nova,"O veterano meia do Bahia comandou a vitória tricolor com passes decisivos e um belíssimo gol de fora da área, aplaudido de pé.",Bahia Esportes,https://www.gazetaesportiva.com?id=curado-jogadores-0-2026-08-02,https://images.unsplash.com/photo-1543351611-58f69d7c1781?q=80&w=600&auto=format&fit=crop
2026-08-02T22:26:52.758Z,2026-08-02T21:59:00.000Z,Abel revela queixa de Paulinho e explica presença do atacante no banco em Palmeiras x Fortaleza,"Recuperado de uma entorse no tornozelo esquerdo, Paulinho voltou ao banco de reservas do Palmeiras neste domingo, mas não entrou em campo durante a vitória por 3 a 0 sobre o Fortal...",Gazeta Esportiva,https://www.gazetaesportiva.com/times/palmeiras/entenda-por-que-paulinho-nao-saiu-do-banco-em-palmeiras-x-fortaleza/,https://static.gazetaesportiva.com/uploads/2026/08/02082026_cg_palmeiras_destaque_7976_10.webp
2026-08-02T22:26:52.758Z,2026-08-02T21:08:48.000Z,Flaco López celebra gol em retorno ao Palmeiras pós-Copa e mira títulos: &#8220;Ganhar tudo&#8221;,"Flaco López ajudou o Palmeiras a construir a vitória por 3 a 0 sobre o Fortaleza na tarde deste domingo, pela ida das oitavas de final da Copa do Brasil. O atacante, que fez apenas...",Gazeta Esportiva,https://www.gazetaesportiva.com/times/palmeiras/flaco-lopez-celebra-gol-em-retorno-ao-palmeiras-pos-copa-e-mira-titulos-ganhar-tudo/,https://static.gazetaesportiva.com/uploads/2026/08/02082026_cg_palmeiras_gol_8755_22.webp
2026-08-02T22:26:52.758Z,2026-08-02T19:26:52.756Z,Renato Kayzer entra na mira de clubes europeus após grande fase no Castelão,Artilheiro do Fortaleza marcou 15 gols nos últimos 20 jogos. Agentes confirmam contatos de times da Itália e de Portugal.,Diário do Ceará,https://www.gazetaesportiva.com?id=curado-jogadores-1-2026-08-02,https://images.unsplash.com/photo-1518063319789-7217e6706b04?q=80&w=600&auto=format&fit=crop
2026-08-02T23:29:28.468Z,2026-08-02T23:29:28.466Z,Everton Ribeiro completa 120 jogos pelo Bahia com golaço na Fonte Nova,"O veterano meia do Bahia comandou a vitória tricolor com passes decisivos e um belíssimo gol de fora da área, aplaudido de pé.",Bahia Esportes,https://www.gazetaesportiva.com?id=curado-jogadores-0-2026-08-02,https://images.unsplash.com/photo-1543351611-58f69d7c1781?q=80&w=600&auto=format&fit=crop
2026-08-02T23:29:28.468Z,2026-08-02T21:59:00.000Z,Abel revela queixa de Paulinho e explica presença do atacante no banco em Palmeiras x Fortaleza,"Recuperado de uma entorse no tornozelo esquerdo, Paulinho voltou ao banco de reservas do Palmeiras neste domingo, mas não entrou em campo durante a vitória por 3 a 0 sobre o Fortal...",Gazeta Esportiva,https://www.gazetaesportiva.com/times/palmeiras/entenda-por-que-paulinho-nao-saiu-do-banco-em-palmeiras-x-fortaleza/,https://static.gazetaesportiva.com/uploads/2026/08/02082026_cg_palmeiras_destaque_7976_10.webp
2026-08-02T23:29:28.468Z,2026-08-02T21:08:48.000Z,Flaco López celebra gol em retorno ao Palmeiras pós-Copa e mira títulos: &#8220;Ganhar tudo&#8221;,"Flaco López ajudou o Palmeiras a construir a vitória por 3 a 0 sobre o Fortaleza na tarde deste domingo, pela ida das oitavas de final da Copa do Brasil. O atacante, que fez apenas...",Gazeta Esportiva,https://www.gazetaesportiva.com/times/palmeiras/flaco-lopez-celebra-gol-em-retorno-ao-palmeiras-pos-copa-e-mira-titulos-ganhar-tudo/,https://static.gazetaesportiva.com/uploads/2026/08/02082026_cg_palmeiras_gol_8755_22.webp
2026-08-02T23:29:28.468Z,2026-08-02T20:29:28.466Z,Renato Kayzer entra na mira de clubes europeus após grande fase no Castelão,Artilheiro do Fortaleza marcou 15 gols nos últimos 20 jogos. Agentes confirmam contatos de times da Itália e de Portugal.,Diário do Ceará,https://www.gazetaesportiva.com?id=curado-jogadores-1-2026-08-02,https://images.unsplash.com/photo-1518063319789-7217e6706b04?q=80&w=600&auto=format&fit=crop
